Artist_20_artist_album_track,Steven Tyler AI: ,
aerosmith/Aerosmith/01-Make_It,https://www.youtube.com/watch?v=cOBSJKRrMYw,
aerosmith/Aerosmith/02-Somebody,https://www.youtube.com/watch?v=ZSQBxafzkX0,
aerosmith/Aerosmith/03-Dream_On,https://www.youtube.com/watch?v=HGV-H-mgK60,
aerosmith/Aerosmith/04-One_Way_Street,,
aerosmith/Aerosmith/05-Mama_Kin,,
aerosmith/Aerosmith/06-Write_Me_a_Letter,,
aerosmith/Aerosmith/07-Movin_Out,,
aerosmith/Aerosmith/08-Walking_the_Dog,,
aerosmith/Draw_the_Line/01-Draw_the_Line,,
aerosmith/Draw_the_Line/02-I_Wanna_Know_Why,,
aerosmith/Draw_the_Line/03-Critical_Mass,,
aerosmith/Draw_the_Line/04-Get_It_Up,,
aerosmith/Draw_the_Line/05-Bright_Light_Fright,,
aerosmith/Draw_the_Line/06-Kings_and_Queens,,
aerosmith/Draw_the_Line/07-The_Hand_That_Feeds,,
aerosmith/Draw_the_Line/08-Sight_for_Sore_Eyes,,
aerosmith/Draw_the_Line/09-Milk_Cow_Blues,,
aerosmith/Get_Your_Wings/01-Same_Old_Song_and_Dance,,
aerosmith/Get_Your_Wings/02-Lord_Of_The_Thighs,,
aerosmith/Get_Your_Wings/03-Spaced,,
aerosmith/Get_Your_Wings/04-Woman_Of_The_World,,
aerosmith/Get_Your_Wings/05-SOS,,
aerosmith/Get_Your_Wings/06-Train_Kept_A_Rollin_,,
aerosmith/Get_Your_Wings/07-Seasons_Of_Wither,,
aerosmith/Get_Your_Wings/08-Pandora_s_Box,,
aerosmith/Pump/01-Young_Lust,,
aerosmith/Pump/02-F_I_N_E_,,
aerosmith/Pump/03-Going_Down-Love_In_An_Elevator,,
aerosmith/Pump/04-Monkey_On_My_Back,,
aerosmith/Pump/05-Water_Song-Janie_s_Got_A_Gun,,
aerosmith/Pump/06-Dulcimer_Stomp-The_Other_Side,,
aerosmith/Pump/07-My_Girl,,
aerosmith/Pump/08-Don_t_Get_Mad_Get_Even,,
aerosmith/Pump/09-Hoodoo-Voodoo_Medicine_Man,,
aerosmith/Pump/10-What_It_Takes,,
aerosmith/Rocks/01-Back_In_The_Saddle_Again,,
aerosmith/Rocks/02-Last_Child,,
aerosmith/Rocks/03-Rats_In_The_Cellar,,
aerosmith/Rocks/04-Combination,,
aerosmith/Rocks/05-Sick_As_A_Dog,,
aerosmith/Rocks/06-Nobody_s_Fault,,
aerosmith/Rocks/07-Get_The_Lead_Out,,
aerosmith/Rocks/08-Lick_and_a_Promise,,
aerosmith/Rocks/09-Home_Tonight,,
aerosmith/Toys_In_The_Attic/01-Toys_In_The_Attic,,
aerosmith/Toys_In_The_Attic/02-Uncle_Salty,,
aerosmith/Toys_In_The_Attic/03-Adam_s_Apple,,
aerosmith/Toys_In_The_Attic/04-Walk_This_Way,,
aerosmith/Toys_In_The_Attic/05-Big_Ten_Inch_Record,,
aerosmith/Toys_In_The_Attic/06-Sweet_Emotion,,
aerosmith/Toys_In_The_Attic/07-No_More_No_More,,
aerosmith/Toys_In_The_Attic/08-Round_And_Round,,
aerosmith/Toys_In_The_Attic/09-You_See_Me_Crying,,
beatles/Abbey_Road/01-Come_Together,Paul McCartney:,
beatles/Abbey_Road/02-Something,https://www.youtube.com/watch?v=SDR9GuT_86w,
beatles/Abbey_Road/03-Maxwell_s_Silver_Hammer,https://www.youtube.com/watch?v=U-y6K8X3hYM,
beatles/Abbey_Road/04-Oh_Darling,John Lennon: ,
beatles/Abbey_Road/05-Octopus_s_Garden,https://www.youtube.com/watch?v=mF1PkR8uZ2Y,
beatles/Abbey_Road/06-I_Want_You_She_s_So_Heavy_,,
beatles/Abbey_Road/07-Here_Comes_The_Sun,,
beatles/Abbey_Road/08-Because,,
beatles/Abbey_Road/09-You_Never_Give_Me_Your_Money,,
beatles/Abbey_Road/10-Sun_King,,
beatles/Abbey_Road/11-Mean_Mr_Mustard,,
beatles/Abbey_Road/12-Polythene_Pam,,
beatles/Abbey_Road/13-She_Came_In_Through_The_Bathroom_Window,,
beatles/Abbey_Road/14-Golden_Slumbers,,
beatles/Abbey_Road/15-Carry_That_Weight,,
beatles/Abbey_Road/16-The_End,,
beatles/Abbey_Road/17-Her_Majesty,,
beatles/A_Hard_Day_s_Night/01-A_Hard_Day_s_Night,,
beatles/A_Hard_Day_s_Night/02-I_Should_Have_Known_Better,,
beatles/A_Hard_Day_s_Night/03-If_I_Fell,,
beatles/A_Hard_Day_s_Night/04-I_m_Happy_Just_To_Dance_With_You,,
beatles/A_Hard_Day_s_Night/05-And_I_Love_Her,,
beatles/A_Hard_Day_s_Night/06-Tell_Me_Why,,
beatles/A_Hard_Day_s_Night/07-Can_t_Buy_Me_Love,,
beatles/A_Hard_Day_s_Night/08-Any_Time_At_All,,
beatles/A_Hard_Day_s_Night/09-I_ll_Cry_Instead,,
beatles/A_Hard_Day_s_Night/10-Things_We_Said_Today,,
beatles/A_Hard_Day_s_Night/11-When_I_Get_Home,,
beatles/A_Hard_Day_s_Night/12-You_Can_t_Do_That,,
beatles/A_Hard_Day_s_Night/13-I_ll_Be_Back,,
beatles/Beatles_For_Sale/01-No_Reply,,
beatles/Beatles_For_Sale/02-I_m_A_Loser,,
beatles/Beatles_For_Sale/03-Baby_s_In_Black,,
beatles/Beatles_For_Sale/04-Rock_And_Roll_Music,,
beatles/Beatles_For_Sale/05-I_ll_Follow_The_Sun,,
beatles/Beatles_For_Sale/06-Mr_Moonlight,,
beatles/Beatles_For_Sale/07-Medley_Kansas_City_Hey_Hey,,
beatles/Beatles_For_Sale/08-Eight_Days_A_Week,,
beatles/Beatles_For_Sale/09-Words_Of_Love,,
beatles/Beatles_For_Sale/10-Honey_Don_t,,
beatles/Beatles_For_Sale/11-Every_Little_Thing,,
beatles/Beatles_For_Sale/12-I_Don_t_Want_To_Spoil_The_Part,,
beatles/Beatles_For_Sale/13-What_You_re_Doing,,
beatles/Beatles_For_Sale/14-Everybody_s_Trying_To_Be_My_Baby,,
beatles/Magical_Mystery_Tour/01-Magical_Mystery_Tour,,
beatles/Magical_Mystery_Tour/02-The_Fool_On_The_Hill,,
beatles/Magical_Mystery_Tour/03-Flying,,
beatles/Magical_Mystery_Tour/04-Blue_Jay_Way,,
beatles/Magical_Mystery_Tour/05-Your_Mother_Should_Know,,
beatles/Magical_Mystery_Tour/06-I_Am_The_Walrus,,
beatles/Magical_Mystery_Tour/07-Hello_Goodbye,,
beatles/Magical_Mystery_Tour/08-Strawberry_Fields_Forever,,
beatles/Magical_Mystery_Tour/09-Penny_Lane,,
beatles/Magical_Mystery_Tour/10-Baby_You_re_A_Rich_Man,,
beatles/Magical_Mystery_Tour/11-All_You_Need_Is_Love,,
beatles/Revolver/01-Taxman,,
beatles/Revolver/02-Eleanor_Rigby,,
beatles/Revolver/03-I_m_Only_Sleeping,,
beatles/Revolver/04-Love_You_To,,
beatles/Revolver/05-Here_There_And_Everywhere,,
beatles/Revolver/06-Yellow_Submarine,,
beatles/Revolver/07-She_Said_She_Said,,
beatles/Revolver/08-Good_Day_Sunshine,,
beatles/Revolver/09-And_Your_Bird_Can_Sing,,
beatles/Revolver/10-For_No_One,,
beatles/Revolver/11-Doctor_Robert,,
beatles/Revolver/12-I_Want_To_Tell_You,,
beatles/Revolver/13-Got_To_Get_You_Into_My_Life,,
beatles/Revolver/14-Tomorrow_Never_Knows,,
beatles/The_White_Album_Disc_1/01-Back_In_The_U_S_S_R_,,
beatles/The_White_Album_Disc_1/02-Dear_Prudence,,
beatles/The_White_Album_Disc_1/03-Glass_Onion,,
beatles/The_White_Album_Disc_1/04-Ob-La-Di_Ob-La-Da,,
beatles/The_White_Album_Disc_1/05-Wild_Honey_Pie,,
beatles/The_White_Album_Disc_1/06-The_Continuing_Story_Of_Bungalow_Bill,,
beatles/The_White_Album_Disc_1/07-While_My_Guitar_Gently_Weeps,,
beatles/The_White_Album_Disc_1/08-Happiness_Is_A_Warm_Gun,,
beatles/The_White_Album_Disc_1/09-Martha_My_Dear,,
beatles/The_White_Album_Disc_1/10-I_m_So_Tired,,
beatles/The_White_Album_Disc_1/11-Blackbird,,
beatles/The_White_Album_Disc_1/12-Piggies,,
beatles/The_White_Album_Disc_1/13-Rocky_Raccoon,,
beatles/The_White_Album_Disc_1/14-Don_t_Pass_Me_By,,
beatles/The_White_Album_Disc_1/15-Why_Don_t_We_Do_It_In_The_Road,,
beatles/The_White_Album_Disc_1/16-I_Will,,
beatles/The_White_Album_Disc_1/17-Julia,John Fogerty:,
creedence_clearwater_revival/Bayou_Country/01-Born_On_The_Bayou,https://www.youtube.com/watch?v=5IYpleg9hJk,
creedence_clearwater_revival/Bayou_Country/02-Bootleg,,
creedence_clearwater_revival/Bayou_Country/03-Graveyard_Train,,
creedence_clearwater_revival/Bayou_Country/04-Good_Golly_Miss_Molly,,
creedence_clearwater_revival/Bayou_Country/05-Penthouse_Pauper,,
creedence_clearwater_revival/Bayou_Country/06-Proud_Mary,,
creedence_clearwater_revival/Bayou_Country/07-Keep_On_Chooglin_,,
creedence_clearwater_revival/Cosmo_s_Factory/01-Ramble_Tamble,,
creedence_clearwater_revival/Cosmo_s_Factory/02-Before_You_Accuse_Me,,
creedence_clearwater_revival/Cosmo_s_Factory/03-Travelin_Band,,
creedence_clearwater_revival/Cosmo_s_Factory/04-Ooby_Dooby,,
creedence_clearwater_revival/Cosmo_s_Factory/05-Lookin_Out_My_Back_Door,,
creedence_clearwater_revival/Cosmo_s_Factory/06-Run_Through_The_Jungle,,
creedence_clearwater_revival/Cosmo_s_Factory/07-Up_Around_The_Bend,,
creedence_clearwater_revival/Cosmo_s_Factory/08-My_Baby_Left_Me,,
creedence_clearwater_revival/Cosmo_s_Factory/09-Who_ll_Stop_The_Rain,,
creedence_clearwater_revival/Cosmo_s_Factory/10-I_Heard_It_Through_The_Grapevine,,
creedence_clearwater_revival/Cosmo_s_Factory/11-Long_As_I_Can_See_The_Light,,
creedence_clearwater_revival/Creedence_Clearwater_Revival/01-I_Put_A_Spell_On_You,,
creedence_clearwater_revival/Creedence_Clearwater_Revival/02-The_Working_Man,,
creedence_clearwater_revival/Creedence_Clearwater_Revival/03-Suzie_Q,,
creedence_clearwater_revival/Creedence_Clearwater_Revival/04-Ninety-Nine_And_A_Half_Won_t_Do_,,
creedence_clearwater_revival/Creedence_Clearwater_Revival/05-Get_Down_Woman,,
creedence_clearwater_revival/Creedence_Clearwater_Revival/06-Porterville,,
creedence_clearwater_revival/Creedence_Clearwater_Revival/07-Gloomy,,
creedence_clearwater_revival/Creedence_Clearwater_Revival/08-Walking_On_The_Water,,
creedence_clearwater_revival/Green_River/01-Green_River,,
creedence_clearwater_revival/Green_River/02-Commotion,,
creedence_clearwater_revival/Green_River/03-Tombstone_Shadow,,
creedence_clearwater_revival/Green_River/04-Wrote_A_Song_For_Everyone,,
creedence_clearwater_revival/Green_River/05-Bad_Moon_Rising,,
creedence_clearwater_revival/Green_River/06-Lodi,,
creedence_clearwater_revival/Green_River/07-Cross-Tie_Walker,,
creedence_clearwater_revival/Green_River/08-Sinister_Purpose,,
creedence_clearwater_revival/Green_River/09-The_Night_Time_Is_The_Right_Time,,
creedence_clearwater_revival/Pendulum/01-Pagan_Baby,,
creedence_clearwater_revival/Pendulum/02-Sailor_s_Lament,,
creedence_clearwater_revival/Pendulum/03-Chameleon,,
creedence_clearwater_revival/Pendulum/04-Have_You_Ever_Seen_The_Rain-,,
creedence_clearwater_revival/Pendulum/05-_Wish_I_Could_Hideaway,,
creedence_clearwater_revival/Pendulum/06-Born_To_Move,,
creedence_clearwater_revival/Pendulum/07-Hey_Tonight,,
creedence_clearwater_revival/Pendulum/08-It_s_Just_A_Thought,,
creedence_clearwater_revival/Pendulum/09-Molina,,
creedence_clearwater_revival/Pendulum/10-Rude_Awakening_2,,
creedence_clearwater_revival/Willy_and_the_Poor_Boys/01-Down_on_the_corner,,
creedence_clearwater_revival/Willy_and_the_Poor_Boys/02-It_came_out_of_the_sky,,
creedence_clearwater_revival/Willy_and_the_Poor_Boys/03-Cotton_fields,,
creedence_clearwater_revival/Willy_and_the_Poor_Boys/04-Poorboy_shuffle,,
creedence_clearwater_revival/Willy_and_the_Poor_Boys/05-Feelin_blue,,
creedence_clearwater_revival/Willy_and_the_Poor_Boys/06-Fortunate_son,,
creedence_clearwater_revival/Willy_and_the_Poor_Boys/07-Don_t_look_now,,
creedence_clearwater_revival/Willy_and_the_Poor_Boys/08-The_midnight_special,,
creedence_clearwater_revival/Willy_and_the_Poor_Boys/09-Side_o_the_road,,
creedence_clearwater_revival/Willy_and_the_Poor_Boys/10-Effigy,Robert Smith:,
cure/Disintegration/01-Plainsong,https://www.youtube.com/watch?v=YNy8VqlPX6Q,
cure/Disintegration/02-Pictures_Of_You,,
cure/Disintegration/03-Closedown,,
cure/Disintegration/04-Love_Song,,
cure/Disintegration/05-Last_Dance,,
cure/Disintegration/06-Lullaby,,
cure/Disintegration/07-Fascination_Street,,
cure/Disintegration/08-Prayers_For_Rain,,
cure/Disintegration/09-The_Same_Deep_Water_As_You,,
cure/Disintegration/10-Disintegration,,
cure/Disintegration/11-Homesick,,
cure/Disintegration/12-Untitled,,
cure/Kiss_Me_Kiss_Me_Kiss_Me/01-The_Kiss,,
cure/Kiss_Me_Kiss_Me_Kiss_Me/02-Catch,,
cure/Kiss_Me_Kiss_Me_Kiss_Me/03-Torture,,
cure/Kiss_Me_Kiss_Me_Kiss_Me/04-If_Only_Tonight_We_Could_Sleep,,
cure/Kiss_Me_Kiss_Me_Kiss_Me/05-Why_Can_t_I_Be_You_,,
cure/Kiss_Me_Kiss_Me_Kiss_Me/06-How_Beautiful_You_Are,,
cure/Kiss_Me_Kiss_Me_Kiss_Me/07-The_Snakepit,,
cure/Kiss_Me_Kiss_Me_Kiss_Me/08-Just_Like_Heaven,,
cure/Kiss_Me_Kiss_Me_Kiss_Me/09-All_I_Want,,
cure/Kiss_Me_Kiss_Me_Kiss_Me/10-Hot_Hot_Hot_,,
cure/Kiss_Me_Kiss_Me_Kiss_Me/11-One_More_Time,,
cure/Kiss_Me_Kiss_Me_Kiss_Me/12-Like_Cockatoos,,
cure/Kiss_Me_Kiss_Me_Kiss_Me/13-Icing_Sugar,,
cure/Kiss_Me_Kiss_Me_Kiss_Me/14-The_Perfect_Girl,,
cure/Kiss_Me_Kiss_Me_Kiss_Me/15-A_Thousand_Hours,,
cure/Kiss_Me_Kiss_Me_Kiss_Me/16-Shiver_And_Shake,,
cure/Kiss_Me_Kiss_Me_Kiss_Me/17-Fight,,
cure/The_Head_on_the_Door/01-In_Between_Days,,
cure/The_Head_on_the_Door/02-Kyoto_Song,,
cure/The_Head_on_the_Door/03-The_Blood,,
cure/The_Head_on_the_Door/04-Six_Different_Ways,,
cure/The_Head_on_the_Door/05-Push,,
cure/The_Head_on_the_Door/06-The_Baby_Screams,,
cure/The_Head_on_the_Door/07-Close_to_Me,,
cure/The_Head_on_the_Door/08-A_Night_Like_This,,
cure/The_Head_on_the_Door/09-Screw,,
cure/The_Head_on_the_Door/10-Sinking,,
cure/The_Top/01-Shake_Dog_Shake,,
cure/The_Top/02-Bird_Mad_Girl,,
cure/The_Top/03-Wailing_Wall,,
cure/The_Top/04-Give_Me_It,,
cure/The_Top/05-Dressing_Up,,
cure/The_Top/06-The_Caterpillar,,
cure/The_Top/07-Piggy_In_The_Mirror,,
cure/The_Top/08-The_Empty_World,,
cure/The_Top/09-Bananafishbones,,
cure/The_Top/10-The_Top,,
cure/Wild_Mood_Swings/01-Want,,
cure/Wild_Mood_Swings/02-Club_America,,
cure/Wild_Mood_Swings/03-This_Is_A_Lie,,
cure/Wild_Mood_Swings/04-The_13th,,
cure/Wild_Mood_Swings/05-Strange_Attraction,,
cure/Wild_Mood_Swings/06-Mint_Car,,
cure/Wild_Mood_Swings/07-Jupiter_Crash,,
cure/Wild_Mood_Swings/08-Round_Round_Round,,
cure/Wild_Mood_Swings/09-Gone_,,
cure/Wild_Mood_Swings/10-Numb,,
cure/Wild_Mood_Swings/11-Return,,
cure/Wild_Mood_Swings/12-Trap,,
cure/Wild_Mood_Swings/13-Treasure,,
cure/Wild_Mood_Swings/14-Bare,,
cure/Wish/01-Open,,
cure/Wish/02-High,,
cure/Wish/03-Apart,,
cure/Wish/04-From_the_Edge_of_the_Deep_Green_Sea,,
cure/Wish/05-Wendy_Time,,
cure/Wish/06-Doing_the_Unstuck,,
cure/Wish/07-Friday_I_m_In_Love,,
cure/Wish/08-Trust,,
cure/Wish/09-A_Letter_to_Elise,,
cure/Wish/10-Cut,,
cure/Wish/11-To_Wish_Impossible_Things,,
cure/Wish/12-End,,
dave_matthews_band/Before_These_Crowded_Streets/01-Pantala_Naga_Pampa,,
dave_matthews_band/Before_These_Crowded_Streets/02-Rapunzel,,
dave_matthews_band/Before_These_Crowded_Streets/03-The_Last_Stop,,
dave_matthews_band/Before_These_Crowded_Streets/04-Don_t_Drink_the_Water,,
dave_matthews_band/Before_These_Crowded_Streets/05-Stay_Wasting_Time_,,
dave_matthews_band/Before_These_Crowded_Streets/06-Halloween,,
dave_matthews_band/Before_These_Crowded_Streets/07-The_Stone,,
dave_matthews_band/Before_These_Crowded_Streets/08-Crush,,
dave_matthews_band/Before_These_Crowded_Streets/09-The_Dreaming_Tree,,
dave_matthews_band/Before_These_Crowded_Streets/10-Pig,,
dave_matthews_band/Before_These_Crowded_Streets/11-Spoon,,
dave_matthews_band/Before_These_Crowded_Streets/12-Hidden_Track_1,,
dave_matthews_band/Before_These_Crowded_Streets/13-Hidden_Track_2,,
dave_matthews_band/Busted_Stuff/01-Busted_Stuff,,
dave_matthews_band/Busted_Stuff/02-Grey_Street,,
dave_matthews_band/Busted_Stuff/03-Where_Are_You_Going,,
dave_matthews_band/Busted_Stuff/04-You_Never_Know,,
dave_matthews_band/Busted_Stuff/05-Captain,,
dave_matthews_band/Busted_Stuff/06-Raven,,
dave_matthews_band/Busted_Stuff/07-Grace_Is_Gone,,
dave_matthews_band/Busted_Stuff/08-Kit_Kat_Jam,,
dave_matthews_band/Busted_Stuff/09-Digging_a_Ditch,,
dave_matthews_band/Busted_Stuff/10-Big_Eyed_Fish,,
dave_matthews_band/Busted_Stuff/11-Bartender,,
dave_matthews_band/Crash/01-So_Much_To_Say,,
dave_matthews_band/Crash/02-Two_Step,,
dave_matthews_band/Crash/03-Crash_Into_Me,,
dave_matthews_band/Crash/04-Too_Much,,
dave_matthews_band/Crash/05-_41,,
dave_matthews_band/Crash/06-Say_Goodbye,,
dave_matthews_band/Crash/07-Drive_In_Drive_Out,,
dave_matthews_band/Crash/08-Let_You_Down,,
dave_matthews_band/Crash/09-Lie_In_Our_Graves,,
dave_matthews_band/Crash/10-Cry_Freedom,,
dave_matthews_band/Crash/11-Tripping_Billies,,
dave_matthews_band/Crash/12-Proudest_Monkey,,
dave_matthews_band/Everyday/01-I_Did_It,,
dave_matthews_band/Everyday/02-When_The_World_Ends,,
dave_matthews_band/Everyday/03-The_Space_Between,,
dave_matthews_band/Everyday/04-Dreams_of_Our_Fathers,,
dave_matthews_band/Everyday/05-So_Right,,
dave_matthews_band/Everyday/06-If_I_Had_It_All,,
dave_matthews_band/Everyday/07-What_You_Are,,
dave_matthews_band/Everyday/08-Angel,,
dave_matthews_band/Everyday/09-Fool_To_Think,,
dave_matthews_band/Everyday/10-Sleep_To_Dream_Her,,
dave_matthews_band/Everyday/11-Mother_Father,,
dave_matthews_band/Everyday/12-Everyday,,
dave_matthews_band/Stand_Up/01-Dreamgirl,,
dave_matthews_band/Stand_Up/02-Old_Dirt_Hill_Bring_That_Beat_Back_,,
dave_matthews_band/Stand_Up/03-Stand_Up_For_It_,,
dave_matthews_band/Stand_Up/04-American_Baby_Intro,,
dave_matthews_band/Stand_Up/05-American_Baby,,
dave_matthews_band/Stand_Up/06-Smooth_Rider,,
dave_matthews_band/Stand_Up/07-Everybody_Wake_Up_Our_Finest_Hour_Arrives_,,
dave_matthews_band/Stand_Up/08-Out_Of_My_Hands,,
dave_matthews_band/Stand_Up/09-Hello_Again,,
dave_matthews_band/Stand_Up/10-Louisiana_Bayou,,
dave_matthews_band/Stand_Up/11-Stolen_Away_On_55th_3rd,,
dave_matthews_band/Stand_Up/12-You_Might_Die_Trying,,
dave_matthews_band/Stand_Up/13-Steady_As_We_Go,,
dave_matthews_band/Stand_Up/14-Hunger_For_The_Great_Light,,
dave_matthews_band/Under_The_Table_And_Dreaming/01-The_Best_of_What_s_Around,,
dave_matthews_band/Under_The_Table_And_Dreaming/02-What_Would_You_Say,,
dave_matthews_band/Under_The_Table_And_Dreaming/03-Satellite,,
dave_matthews_band/Under_The_Table_And_Dreaming/04-Rhyme_Reason,,
dave_matthews_band/Under_The_Table_And_Dreaming/05-Typical_Situation,,
dave_matthews_band/Under_The_Table_And_Dreaming/06-Dancing_Nancies,,
dave_matthews_band/Under_The_Table_And_Dreaming/07-Ants_Marching,,
dave_matthews_band/Under_The_Table_And_Dreaming/08-Lover_Lay_Down,,
dave_matthews_band/Under_The_Table_And_Dreaming/09-Jimi_Thing,,
dave_matthews_band/Under_The_Table_And_Dreaming/10-Warehouse,,
dave_matthews_band/Under_The_Table_And_Dreaming/11-Pay_For_What_You_Get,,
dave_matthews_band/Under_The_Table_And_Dreaming/34-_34,Dave Gahan:,
depeche_mode/A_Broken_Frame/01-Leave_In_Silence,https://www.youtube.com/watch?v=K7pXOpAWVoI,
depeche_mode/A_Broken_Frame/02-My_Secret_Garden,,
depeche_mode/A_Broken_Frame/03-Monument,,
depeche_mode/A_Broken_Frame/04-Nothing_To_Fear,,
depeche_mode/A_Broken_Frame/05-See_You,,
depeche_mode/A_Broken_Frame/06-Satellite,,
depeche_mode/A_Broken_Frame/07-The_Meaning_Of_Love,,
depeche_mode/A_Broken_Frame/08-A_Photograph_Of_You,,
depeche_mode/A_Broken_Frame/09-Shouldn_t_Have_Done_That,,
depeche_mode/A_Broken_Frame/10-The_Sun_The_Rainfall,,
depeche_mode/Black_Celebration/01-Black_Celebration,,
depeche_mode/Black_Celebration/02-Fly_on_the_windscreen,,
depeche_mode/Black_Celebration/03-A_question_of_lust,,
depeche_mode/Black_Celebration/04-Sometimes,,
depeche_mode/Black_Celebration/05-It_doesn_t_matter_two,,
depeche_mode/Black_Celebration/06-A_question_of_time,,
depeche_mode/Black_Celebration/07-Stripped,,
depeche_mode/Black_Celebration/08-Here_is_the_house,,
depeche_mode/Black_Celebration/09-World_full_of_nothing,,
depeche_mode/Black_Celebration/10-Dressed_in_black,,
depeche_mode/Black_Celebration/11-New_dress,,
depeche_mode/Black_Celebration/12-Breathing_in_fumes,,
depeche_mode/Black_Celebration/13-But_not_tonight_Extended_Remix_,,
depeche_mode/Black_Celebration/14-Black_day,,
"depeche_mode/Construction_Time_Again/01-Love,_In_Itself",,
depeche_mode/Construction_Time_Again/02-More_Than_A_Party,,
depeche_mode/Construction_Time_Again/03-Pipeline,,
depeche_mode/Construction_Time_Again/04-Everything_Counts,,
depeche_mode/Construction_Time_Again/05-Two_Minute_Warning,,
depeche_mode/Construction_Time_Again/06-Shame,,
depeche_mode/Construction_Time_Again/07-The_Landscape_Is_Changing,,
depeche_mode/Construction_Time_Again/08-Told_You_So,,
depeche_mode/Construction_Time_Again/09-And_Then_,,
depeche_mode/Construction_Time_Again/10-Everything_Counts_Long_Version_,,
depeche_mode/Music_for_the_Masses/01-Never_let_me_down_again,,
depeche_mode/Music_for_the_Masses/02-The_things_you_said,,
depeche_mode/Music_for_the_Masses/03-Strangelove,,
depeche_mode/Music_for_the_Masses/04-Sacred,,
depeche_mode/Music_for_the_Masses/05-Little_15,,
depeche_mode/Music_for_the_Masses/06-Behind_the_wheel,,
depeche_mode/Music_for_the_Masses/07-I_want_you_now,,
depeche_mode/Music_for_the_Masses/08-To_have_and_to_hold,,
depeche_mode/Music_for_the_Masses/09-Nothing,,
depeche_mode/Music_for_the_Masses/10-Pimpf,,
depeche_mode/Music_for_the_Masses/11-Agent_Orange,,
depeche_mode/Music_for_the_Masses/12-Never_let_me_down_again_Aggro_mix_,,
depeche_mode/Music_for_the_Masses/13-To_have_and_to_hold_Spanish_Taster_,,
depeche_mode/Music_for_the_Masses/14-Pleasure_little_treasure,,
depeche_mode/Some_Great_Reward/01-Something_To_Do,,
depeche_mode/Some_Great_Reward/02-Lie_To_Me,,
depeche_mode/Some_Great_Reward/03-People_Are_People,,
depeche_mode/Some_Great_Reward/04-It_Doesn_t_Matter,,
depeche_mode/Some_Great_Reward/05-Stories_Of_Old,,
depeche_mode/Some_Great_Reward/06-Somebody,,
depeche_mode/Some_Great_Reward/07-Master_And_Servant,,
depeche_mode/Some_Great_Reward/08-If_You_Want,,
depeche_mode/Some_Great_Reward/09-Blasphemous_Rumours,,
depeche_mode/Speak_and_Spell/01-New_Life,,
depeche_mode/Speak_and_Spell/02-I_Sometimes_Wish_I_Was_Dead,,
depeche_mode/Speak_and_Spell/03-Puppets,,
depeche_mode/Speak_and_Spell/04-Boys_Say_Go_,,
depeche_mode/Speak_and_Spell/05-Nodisco,,
depeche_mode/Speak_and_Spell/06-What_s_Your_Name-,,
depeche_mode/Speak_and_Spell/07-Photographic,,
depeche_mode/Speak_and_Spell/08-Tora!_Tora!_Tora!,,
depeche_mode/Speak_and_Spell/09-Big_Muff,,
depeche_mode/Speak_and_Spell/10-Any_Second_Now_Voices_,,
depeche_mode/Speak_and_Spell/11-Just_Can_t_Get_Enough,,
depeche_mode/Speak_and_Spell/12-Dreaming_Of_Me,,
depeche_mode/Speak_and_Spell/13-Ice_Machine,,
depeche_mode/Speak_and_Spell/14-Shout,,
depeche_mode/Speak_and_Spell/15-Any_Second_Now,,
depeche_mode/Speak_and_Spell/16-Just_Can_t_Get_Enough_Schizo_Mix_,,
fleetwood_mac/Behind_the_Mask/01-Skies_the_Limit,Stevie Nicks: ,
fleetwood_mac/Behind_the_Mask/02-Love_Is_Dangerous,https://www.youtube.com/watch?v=acEXM41m9mM,
fleetwood_mac/Behind_the_Mask/03-In_the_Back_of_My_Mind,,
fleetwood_mac/Behind_the_Mask/04-Do_You_Know,Christine McVie: ,
fleetwood_mac/Behind_the_Mask/05-Save_Me,https://www.youtube.com/watch?v=IQscAY8-9vg,
fleetwood_mac/Behind_the_Mask/06-Affairs_of_the_Heart,,
fleetwood_mac/Behind_the_Mask/07-When_the_Sun_Goes_Down,,
fleetwood_mac/Behind_the_Mask/08-Behind_the_Mask,,
fleetwood_mac/Behind_the_Mask/09-Stand_on_the_Rock,,
fleetwood_mac/Behind_the_Mask/10-Hard_Feelings,,
fleetwood_mac/Behind_the_Mask/11-Freedom,,
fleetwood_mac/Behind_the_Mask/12-When_It_Comes_to_Love,,
fleetwood_mac/Behind_the_Mask/13-The_Second_Time,,
fleetwood_mac/Fleetwood_Mac/01-Monday_Morning,,
fleetwood_mac/Fleetwood_Mac/02-Warm_Ways,,
fleetwood_mac/Fleetwood_Mac/03-Blue_Letter,,
fleetwood_mac/Fleetwood_Mac/04-Rhiannon,,
fleetwood_mac/Fleetwood_Mac/05-Over_My_Head,,
fleetwood_mac/Fleetwood_Mac/06-Crystal,,
fleetwood_mac/Fleetwood_Mac/07-Say_You_Love_Me,,
fleetwood_mac/Fleetwood_Mac/08-Landslide,,
fleetwood_mac/Fleetwood_Mac/09-World_Turning,,
fleetwood_mac/Fleetwood_Mac/10-Sugar_Daddy,,
fleetwood_mac/Fleetwood_Mac/11-I_m_So_Afraid,,
fleetwood_mac/Mirage/01-Love_in_Store,,
fleetwood_mac/Mirage/02-Can_t_Go_Back,,
fleetwood_mac/Mirage/03-That_s_Alright,,
fleetwood_mac/Mirage/04-Book_of_Love,,
fleetwood_mac/Mirage/05-Gypsy,,
fleetwood_mac/Mirage/06-Only_over_You,,
fleetwood_mac/Mirage/07-Empire_State,,
fleetwood_mac/Mirage/08-Straight_Back,,
fleetwood_mac/Mirage/09-Hold_Me,,
fleetwood_mac/Mirage/10-Oh_Diane,,
fleetwood_mac/Mirage/11-Eyes_of_the_World,,
fleetwood_mac/Mirage/12-Wish_You_Were_Here,,
fleetwood_mac/Rumours/01-Second_Hand_News,,
fleetwood_mac/Rumours/02-Dreams,,
fleetwood_mac/Rumours/03-Never_Going_Back_Again,,
fleetwood_mac/Rumours/04-Don_t_Stop,,
fleetwood_mac/Rumours/05-Go_Your_Own_Way,,
fleetwood_mac/Rumours/06-Songbird,,
fleetwood_mac/Rumours/07-The_Chain,,
fleetwood_mac/Rumours/08-You_Make_Loving_Fun,,
fleetwood_mac/Rumours/09-I_Don_t_Want_To_Know,,
fleetwood_mac/Rumours/10-Oh_Daddy,,
fleetwood_mac/Rumours/11-Gold_Dust_Woman,,
fleetwood_mac/Tango_In_The_Night/01-Big_Love,,
fleetwood_mac/Tango_In_The_Night/02-Seven_Wonders,,
fleetwood_mac/Tango_In_The_Night/03-Everywhere,,
fleetwood_mac/Tango_In_The_Night/04-Caroline,,
fleetwood_mac/Tango_In_The_Night/05-Tango_In_The_Night,,
fleetwood_mac/Tango_In_The_Night/06-Mystified,,
fleetwood_mac/Tango_In_The_Night/07-Little_Lies,,
fleetwood_mac/Tango_In_The_Night/08-Family_Man,,
fleetwood_mac/Tango_In_The_Night/09-Welcome_To_The_Room_Sara,,
fleetwood_mac/Tango_In_The_Night/10-Isn_t_It_Midnight,,
fleetwood_mac/Tango_In_The_Night/11-When_I_See_You_Again,,
fleetwood_mac/Tango_In_The_Night/12-You_and_I_Part_II,,
fleetwood_mac/Tusk/01-Over_Over,,
fleetwood_mac/Tusk/02-The_Ledge,,
fleetwood_mac/Tusk/03-Think_About_Me,,
fleetwood_mac/Tusk/04-Save_Me_a_Place,,
fleetwood_mac/Tusk/05-Sarah_Edit_,,
fleetwood_mac/Tusk/06-What_Makes_You_Think_You_re_the_One,,
fleetwood_mac/Tusk/07-Storms,,
fleetwood_mac/Tusk/08-That_s_All_for_Everyone,,
fleetwood_mac/Tusk/09-Not_That_Funny,,
fleetwood_mac/Tusk/10-Sisters_of_the_Moon,,
fleetwood_mac/Tusk/11-Angel,,
fleetwood_mac/Tusk/12-That_s_Enough_for_Me,,
fleetwood_mac/Tusk/13-Brown_Eyes,,
fleetwood_mac/Tusk/14-Never_Make_Me_Cry,,
fleetwood_mac/Tusk/15-I_Know_I_m_Not_Wrong,,
fleetwood_mac/Tusk/16-Honey_Hi,,
fleetwood_mac/Tusk/17-Beautiful_Child,,
fleetwood_mac/Tusk/18-Walk_a_Thin_Line,,
fleetwood_mac/Tusk/19-Tusk,,
fleetwood_mac/Tusk/20-Never_Forget,,
garth_brooks/Fresh_Horses_2000/01-The_Old_Stuff,Garth Brooks: ,
garth_brooks/Fresh_Horses_2000/02-Cowboys_and_Angels,https://www.youtube.com/watch?v=GjsSzqAWFAU,
garth_brooks/Fresh_Horses_2000/03-The_Fever,,
garth_brooks/Fresh_Horses_2000/04-That_Ol_Wind,,
garth_brooks/Fresh_Horses_2000/05-Rollin_,,
garth_brooks/Fresh_Horses_2000/06-The_Change,,
garth_brooks/Fresh_Horses_2000/07-The_Beaches_of_Cheyenne,,
garth_brooks/Fresh_Horses_2000/08-To_Make_You_Feel_My_Love,,
garth_brooks/Fresh_Horses_2000/09-It_s_Midnight_Cinderella,,
garth_brooks/Fresh_Horses_2000/10-She_s_Every_Woman,,
garth_brooks/Fresh_Horses_2000/11-Ireland,,
garth_brooks/Garth_Brooks_The_Limited_Series_/01-Not_Counting_You,,
garth_brooks/Garth_Brooks_The_Limited_Series_/02-I_ve_Got_A_Good_Thing_Going,,
garth_brooks/Garth_Brooks_The_Limited_Series_/03-If_Tomorrow_Never_Comes,,
garth_brooks/Garth_Brooks_The_Limited_Series_/04-Uptown_Down-Home_Good_Ol_Boy,,
garth_brooks/Garth_Brooks_The_Limited_Series_/05-Everytime_That_It_Rains,,
garth_brooks/Garth_Brooks_The_Limited_Series_/06-Alabama_Clay,,
garth_brooks/Garth_Brooks_The_Limited_Series_/07-Much_Too_Young_To_Feel_This_Damn_Old_,,
garth_brooks/Garth_Brooks_The_Limited_Series_/08-Cowboy_Bill,,
garth_brooks/Garth_Brooks_The_Limited_Series_/09-Nobody_Gets_Off_In_This_Town,,
garth_brooks/Garth_Brooks_The_Limited_Series_/10-I_Know_One,,
garth_brooks/Garth_Brooks_The_Limited_Series_/11-The_Dance,,
garth_brooks/In_Pieces/01-Standing_Outside_The_Fire,,
garth_brooks/In_Pieces/02-The_Night_I_Called_The_Old_Man_Out,,
garth_brooks/In_Pieces/03-American_Honky_Tonk_Bar_Association,,
garth_brooks/In_Pieces/04-One_Night_A_Day,,
garth_brooks/In_Pieces/05-Ain_t_Goin_Down_Till_The_Sun_Comes_Up_,,
garth_brooks/In_Pieces/06-Anonymous,,
garth_brooks/In_Pieces/07-Kickin_And_Screamin_,,
garth_brooks/In_Pieces/08-The_Red_Strokes,,
garth_brooks/In_Pieces/09-Callin_Baton_Rouge,,
garth_brooks/In_Pieces/10-The_Night_Will_Only_Know,,
garth_brooks/In_Pieces/11-The_Cowboy_Song,,
garth_brooks/No_Fences_The_Limited_Series_/01-The_Thunder_Rolls,,
garth_brooks/No_Fences_The_Limited_Series_/02-New_Way_To_Fly,,
garth_brooks/No_Fences_The_Limited_Series_/03-Two_Of_A_Kind_Workin_On_A_Full_House,,
garth_brooks/No_Fences_The_Limited_Series_/04-Victim_Of_The_Game,,
garth_brooks/No_Fences_The_Limited_Series_/05-Friends_In_Low_Places,,
garth_brooks/No_Fences_The_Limited_Series_/06-This_Ain_t_Tennessee,,
garth_brooks/No_Fences_The_Limited_Series_/07-Wild_Horses,,
garth_brooks/No_Fences_The_Limited_Series_/08-Unanswered_Prayers,,
garth_brooks/No_Fences_The_Limited_Series_/09-Same_Old_Story,,
garth_brooks/No_Fences_The_Limited_Series_/10-Mr_Blue,,
garth_brooks/No_Fences_The_Limited_Series_/11-Wolves,,
garth_brooks/Ropin_The_Wind_The_Limited_Series_/01-Against_The_Grain,,
garth_brooks/Ropin_The_Wind_The_Limited_Series_/02-Rodeo,,
garth_brooks/Ropin_The_Wind_The_Limited_Series_/03-What_She_s_Doing_Now,,
garth_brooks/Ropin_The_Wind_The_Limited_Series_/04-Burning_Bridges,,
garth_brooks/Ropin_The_Wind_The_Limited_Series_/05-Which_One_Of_Them,,
garth_brooks/Ropin_The_Wind_The_Limited_Series_/06-Papa_Loved_Mama,,
garth_brooks/Ropin_The_Wind_The_Limited_Series_/07-Shameless,,
garth_brooks/Ropin_The_Wind_The_Limited_Series_/08-Cold_Shoulder,,
garth_brooks/Ropin_The_Wind_The_Limited_Series_/09-We_Bury_The_Hatchet,,
garth_brooks/Ropin_The_Wind_The_Limited_Series_/10-In_Lonesome_Dove,,
garth_brooks/Ropin_The_Wind_The_Limited_Series_/11-The_River,,
garth_brooks/The_Chase/01-We_Shall_Be_Free,,
garth_brooks/The_Chase/02-Somewhere_Other_Than_The_Night,,
garth_brooks/The_Chase/03-Mr_Right,,
garth_brooks/The_Chase/04-Every_Now_And_Then,,
garth_brooks/The_Chase/05-Walking_After_Midnight,,
garth_brooks/The_Chase/06-Dixie_Chicken,,
garth_brooks/The_Chase/07-Learning_To_Live_Again,,
garth_brooks/The_Chase/08-That_Summer,,
garth_brooks/The_Chase/09-Something_With_A_Ring_To_It,,
garth_brooks/The_Chase/10-Night_Rider_s_Lament,,
garth_brooks/The_Chase/11-Face_To_Face,Billie Joe Armstrong: ,
green_day/American_Idiot/01-American_Idiot,https://www.youtube.com/watch?v=uQnn0aRTnJc,
green_day/American_Idiot/02-Jesus_of_Suburbia,,
green_day/American_Idiot/03-Holiday,,
green_day/American_Idiot/04-Boulevard_of_Broken_Dreams,,
green_day/American_Idiot/05-Are_We_the_Waiting,,
green_day/American_Idiot/06-St_Jimmy,,
green_day/American_Idiot/07-Give_Me_Novacaine,,
green_day/American_Idiot/08-She_s_a_Rebel,,
green_day/American_Idiot/09-Extraordinary_Girl,,
green_day/American_Idiot/10-Letterbomb,,
green_day/American_Idiot/11-Wake_Me_Up_When_September_Ends,,
green_day/American_Idiot/12-Homecoming,,
green_day/American_Idiot/13-Whatsername,,
green_day/Dookie/01-Burnout,,
green_day/Dookie/02-Having_a_Blast,,
green_day/Dookie/03-Chump,,
green_day/Dookie/04-Longview,,
green_day/Dookie/05-Welcome_to_Paradise,,
green_day/Dookie/06-Pulling_Teeth,,
green_day/Dookie/07-Basket_Case,,
green_day/Dookie/08-She,,
green_day/Dookie/09-Sassafras_Roots,,
green_day/Dookie/10-When_I_Come_Around,,
green_day/Dookie/11-Coming_Clean,,
green_day/Dookie/12-Emenius_Sleepus,,
green_day/Dookie/13-In_the_End,,
green_day/Dookie/14-F_O_D_-All_By_Myself,,
green_day/Dookie/15-Hidden_Track,,
green_day/Insomniac/01-Armatage_Shanks,,
green_day/Insomniac/02-Brat,,
green_day/Insomniac/03-Stuck_With_Me,,
green_day/Insomniac/04-Geek_Stink_Breath,,
green_day/Insomniac/05-No_Pride,,
green_day/Insomniac/06-Bab_s_Uvula_Who_,,
green_day/Insomniac/07-86,,
green_day/Insomniac/08-Panic_Song,,
green_day/Insomniac/09-Stuart_And_The_Ave_,,
green_day/Insomniac/10-Brain_Stew,,
green_day/Insomniac/11-Jaded,,
green_day/Insomniac/12-Westbound_Sign,,
green_day/Insomniac/13-Tight_Wad_Hill,,
green_day/Insomniac/14-Walking_Contradiction,,
green_day/Kerplunk/01-2000_Light_Years_Away,,
green_day/Kerplunk/02-One_For_the_Razorbacks,,
green_day/Kerplunk/03-Welcome_To_Paradise,,
green_day/Kerplunk/04-Christie_Road,,
green_day/Kerplunk/05-Private_Ale,,
green_day/Kerplunk/06-Dominated_Love_Slave,,
green_day/Kerplunk/07-One_Of_My_Lies,,
green_day/Kerplunk/08-80,,
green_day/Kerplunk/09-Android,,
green_day/Kerplunk/10-No_One_Knows,,
green_day/Kerplunk/11-Who_Wrote_Holden_Caulfield_,,
green_day/Kerplunk/12-Words_I_Might_Have_Ate,,
green_day/Kerplunk/13-Sweet_Children,,
green_day/Kerplunk/14-Best_Thing_In_Town,,
green_day/Kerplunk/15-Strangeland,,
green_day/Kerplunk/16-My_Generation,,
green_day/Nimrod/01-Nice_Guys_Finish_Last,,
green_day/Nimrod/02-Hitchin_A_Ride,,
green_day/Nimrod/03-The_Grouch,,
green_day/Nimrod/04-Redundant,,
green_day/Nimrod/05-Scattered,,
green_day/Nimrod/06-All_The_Time,,
green_day/Nimrod/07-Worry_Rock,,
green_day/Nimrod/08-Platypus_I_Hate_You_,,
green_day/Nimrod/09-Uptight,,
green_day/Nimrod/10-Last_Ride_In,,
green_day/Nimrod/11-Jinx,,
green_day/Nimrod/12-Haushinka,,
green_day/Nimrod/13-Walking_Alone,,
green_day/Nimrod/14-Reject,,
green_day/Nimrod/15-Take_Back,,
green_day/Nimrod/16-King_For_A_Day,,
green_day/Nimrod/17-Good_Riddance_Time_Of_Your_Life_,,
green_day/Nimrod/18-Prosthetic_Head,,
green_day/Warning/01-Warning,,
green_day/Warning/02-Blood_Sex_And_Booze,,
green_day/Warning/03-Church_On_Sunday,,
green_day/Warning/04-Fashion_Victim,,
green_day/Warning/05-Castaway,,
green_day/Warning/06-Misery,,
green_day/Warning/07-Deadbeat_Holiday,,
green_day/Warning/08-Hold_On,,
green_day/Warning/09-Jackass,,
green_day/Warning/10-Waiting,,
green_day/Warning/11-Minority,,
green_day/Warning/12-Macy_s_Day_Parade,,
led_zeppelin/Houses_of_the_Holy/01-The_Song_Remains_The_Same,Robert Plant: ,
led_zeppelin/Houses_of_the_Holy/02-The_Rain_Song,https://www.youtube.com/watch?v=PWQG3mwH8i8,
led_zeppelin/Houses_of_the_Holy/03-Over_The_Hills_And_Far_Away,,
led_zeppelin/Houses_of_the_Holy/04-The_Crunge,,
led_zeppelin/Houses_of_the_Holy/05-Dancing_Days,,
led_zeppelin/Houses_of_the_Holy/06-D_yer_Mak_er,,
led_zeppelin/Houses_of_the_Holy/07-No_Quarter,,
led_zeppelin/Led_Zeppelin_I/01-Good_Times_Bad_Times,,
led_zeppelin/Led_Zeppelin_I/02-Babe_I_m_Gonna_Leave_You,,
led_zeppelin/Led_Zeppelin_I/03-You_Shook_Me,,
led_zeppelin/Led_Zeppelin_I/04-Dazed_And_Confused,,
led_zeppelin/Led_Zeppelin_I/05-Your_Time_Is_Gonna_Come,,
led_zeppelin/Led_Zeppelin_I/06-Black_Mountain_Side,,
led_zeppelin/Led_Zeppelin_I/07-Communication_Breakdown,,
led_zeppelin/Led_Zeppelin_I/08-I_Can_t_Quit_You_Baby,,
led_zeppelin/Led_Zeppelin_I/09-How_Many_More_Times,,
led_zeppelin/Led_Zeppelin_II/01-Whole_Lotta_Love,,
led_zeppelin/Led_Zeppelin_II/02-What_Is_And_What_Should_Never,,
led_zeppelin/Led_Zeppelin_II/03-The_Lemon_Song,,
led_zeppelin/Led_Zeppelin_II/04-Thank_You,,
led_zeppelin/Led_Zeppelin_II/05-Heartbreaker,,
led_zeppelin/Led_Zeppelin_II/06-Living_Loving_Maid_She_s_Just,,
led_zeppelin/Led_Zeppelin_II/07-Ramble_On,,
led_zeppelin/Led_Zeppelin_II/08-Moby_Dick,,
led_zeppelin/Led_Zeppelin_II/09-Bring_It_On_Home,,
led_zeppelin/Led_Zeppelin_III/01-Immigrant_Song,,
led_zeppelin/Led_Zeppelin_III/02-Friends,,
led_zeppelin/Led_Zeppelin_III/03-Celebration_Day,,
led_zeppelin/Led_Zeppelin_III/04-Since_I_ve_Been_Loving_You,,
led_zeppelin/Led_Zeppelin_III/05-Out_On_The_Tiles,,
led_zeppelin/Led_Zeppelin_III/06-Gallows_Pole,,
led_zeppelin/Led_Zeppelin_III/07-Tangerine,,
led_zeppelin/Led_Zeppelin_III/08-That_s_The_Way,,
led_zeppelin/Led_Zeppelin_III/09-Bron-Y-Aur_Stomp,,
led_zeppelin/Led_Zeppelin_III/10-Hats_Off_To_Roy_Harper,,
led_zeppelin/Led_Zeppelin_IV_Zoso/01-Black_Dog,,
led_zeppelin/Led_Zeppelin_IV_Zoso/02-Rock_And_Roll,,
led_zeppelin/Led_Zeppelin_IV_Zoso/03-The_Battle_Of_Evermore,,
led_zeppelin/Led_Zeppelin_IV_Zoso/04-Stairway_To_Heaven,,
led_zeppelin/Led_Zeppelin_IV_Zoso/05-Misty_Mountain_Hop,,
led_zeppelin/Led_Zeppelin_IV_Zoso/06-Four_Sticks,,
led_zeppelin/Led_Zeppelin_IV_Zoso/07-Going_To_California,,
led_zeppelin/Led_Zeppelin_IV_Zoso/08-When_The_Levee_Breaks,,
led_zeppelin/Physical_Graffiti_Disc_2_/01-In_the_Light,,
led_zeppelin/Physical_Graffiti_Disc_2_/02-Bron-Yr-Aur,,
led_zeppelin/Physical_Graffiti_Disc_2_/03-Down_By_the_Seaside,,
led_zeppelin/Physical_Graffiti_Disc_2_/04-Ten_Years_Gone,,
led_zeppelin/Physical_Graffiti_Disc_2_/05-Night_Flight,,
led_zeppelin/Physical_Graffiti_Disc_2_/06-The_Wanton_Song,,
led_zeppelin/Physical_Graffiti_Disc_2_/07-Boogie_With_Stu,,
led_zeppelin/Physical_Graffiti_Disc_2_/08-Black_Country_Woman,,
led_zeppelin/Physical_Graffiti_Disc_2_/09-Sick_Again,Madonna: ,
madonna/Bedtime_Stories/01-Survival,https://www.youtube.com/watch?v=C0Mja5SdZEk,low register
madonna/Bedtime_Stories/02-Secret,https://www.youtube.com/watch?v=Lr8HJ3oW9-8,high register
madonna/Bedtime_Stories/03-I_d_Rather_Be_Your_Lover,,
madonna/Bedtime_Stories/04-Don_t_Stop,,
madonna/Bedtime_Stories/05-Inside_Of_Me,,
madonna/Bedtime_Stories/06-Human_Nature,,
madonna/Bedtime_Stories/07-Forbidden_Love,,
madonna/Bedtime_Stories/08-Love_Tried_To_Welcome_Me,,
madonna/Bedtime_Stories/09-Sanctuary,,
madonna/Bedtime_Stories/10-Bedtime_Story,,
madonna/Bedtime_Stories/11-Take_A_Bow,,
madonna/Erotica/01-Erotica,,
madonna/Erotica/02-Fever,,
madonna/Erotica/03-Bye_Bye_Baby,,
madonna/Erotica/04-Deeper_and_Deeper,,
madonna/Erotica/05-Where_Life_Begins,,
madonna/Erotica/06-Bad_Girl,,
madonna/Erotica/07-Waiting,,
madonna/Erotica/08-Thief_of_Hearts,,
madonna/Erotica/09-Words,,
madonna/Erotica/10-Rain,,
madonna/Erotica/11-Why_s_It_So_Hard,,
madonna/Erotica/12-In_This_Life,,
madonna/Erotica/13-Did_You_Do_It_,,
madonna/Erotica/14-Secret_Garden,,
madonna/I_m_Breathless/01-He_s_a_Man,,
madonna/I_m_Breathless/02-Sooner_or_Later,,
madonna/I_m_Breathless/03-Hanky_Panky,,
madonna/I_m_Breathless/04-I_m_Going_Bananas,,
madonna/I_m_Breathless/05-Cry_Baby,,
madonna/I_m_Breathless/06-Something_to_Remember,,
madonna/I_m_Breathless/07-Back_In_Business,,
madonna/I_m_Breathless/08-More,,
madonna/I_m_Breathless/09-What_Can_You_Lose,,
madonna/I_m_Breathless/10-Now_I_m_Following_You_Part_I_,,
madonna/I_m_Breathless/11-Now_I_m_Following_You_Part_II_,,
madonna/I_m_Breathless/12-Vogue,,
madonna/Like_A_Prayer/01-Like_A_Prayer,,
madonna/Like_A_Prayer/02-Express_Yourself,,
madonna/Like_A_Prayer/03-Love_Song,,
madonna/Like_A_Prayer/04-Till_Death_Do_Us_Part,,
madonna/Like_A_Prayer/05-Promise_To_Try,,
madonna/Like_A_Prayer/06-Cherish,,
madonna/Like_A_Prayer/07-Dear_Jessie,,
madonna/Like_A_Prayer/08-Oh_Father,,
madonna/Like_A_Prayer/09-Keep_It_Together,,
madonna/Like_A_Prayer/10-Spanish_Eyes,,
madonna/Like_A_Prayer/11-Act_Of_Contrition,,
madonna/Music/01-Music,,
madonna/Music/02-Impressive_Instant,,
madonna/Music/03-Runaway_Lover,,
madonna/Music/04-I_Deserve_It,,
madonna/Music/05-Amazing,,
madonna/Music/06-Nobody_s_Perfect,,
madonna/Music/07-Don_t_Tell_Me,,
madonna/Music/08-What_it_Feels_Like_For_a_Girl,,
madonna/Music/09-Paradise_Not_For_Me_,,
madonna/Music/10-Gone,,
madonna/Ray_of_Light/01-Drowned_World,,
madonna/Ray_of_Light/02-Swim,,
madonna/Ray_of_Light/03-Ray_Of_Light,,
madonna/Ray_of_Light/04-Candy_Perfume_Girl,,
madonna/Ray_of_Light/05-Skin,,
madonna/Ray_of_Light/06-Nothing_Really_Matters,,
madonna/Ray_of_Light/07-Sky_Fits_Heaven,,
madonna/Ray_of_Light/08-Shanti-Ashtangi,,
madonna/Ray_of_Light/09-Frozen,,
madonna/Ray_of_Light/10-The_Power_of_Good-bye,,
madonna/Ray_of_Light/11-To_Have_and_Not_to_Hold,,
madonna/Ray_of_Light/12-Little_Star,,
madonna/Ray_of_Light/13-Mer_Girl,James Hetfield (YES!! FUCK YES!!),
metallica/Kill_Em_All/01-Hit_The_Lights,https://www.youtube.com/watch?v=XENVZRVzQNQ,
metallica/Kill_Em_All/02-The_Four_Horsemen,,
metallica/Kill_Em_All/03-Motorbreath,,
metallica/Kill_Em_All/04-Jump_In_The_Fire,,
metallica/Kill_Em_All/05-_Anesthesia_Pulling_Teeth,,
metallica/Kill_Em_All/06-Whiplash,,
metallica/Kill_Em_All/07-Phantom_Lord,,
metallica/Kill_Em_All/08-No_Remorse,,
metallica/Kill_Em_All/09-Seek_Destroy,,
metallica/Kill_Em_All/10-Metal_Militia,,
metallica/Load/01-Ain_t_My_Bitch,,
metallica/Load/02-2_X_4,,
metallica/Load/03-The_House_Jack_Built,,
metallica/Load/04-Until_It_Sleeps,,
metallica/Load/05-King_Nothing,,
metallica/Load/06-Hero_Of_The_Day,,
metallica/Load/07-Bleeding_Me,,
metallica/Load/08-Cure,,
metallica/Load/09-Poor_Twisted_Me,,
metallica/Load/10-Wasting_My_Hate,,
metallica/Load/11-Mama_Said,,
metallica/Load/12-Thorn_Within,,
metallica/Load/13-onnie,,
metallica/Load/14-The_Outlaw_Torn,,
metallica/Master_of_Puppets/01-Battery,,
metallica/Master_of_Puppets/02-Master_of_Puppets,,
metallica/Master_of_Puppets/03-Thing_That_Should_Not_Be_The,,
metallica/Master_of_Puppets/04-Welcome_Home_Sanitarium_,,
metallica/Master_of_Puppets/05-Disposable_Heroes,,
metallica/Master_of_Puppets/06-Leper_Messiah,,
metallica/Master_of_Puppets/07-Orion,,
metallica/Master_of_Puppets/08-Damage_Inc,,
metallica/Metallica/01-Enter_Sandman,,
metallica/Metallica/02-Sad_but_True,,
metallica/Metallica/03-Holier_than_Thou,,
metallica/Metallica/04-The_Unforgiven,,
metallica/Metallica/05-Wherever_I_May_Roam,,
metallica/Metallica/06-Dont_Tread_on_Me,,
metallica/Metallica/07-Through_the_Never,,
metallica/Metallica/08-Nothing_Else_Matters,,
metallica/Metallica/09-Of_Wolf_and_Man,,
metallica/Metallica/10-The_God_that_Failed,,
metallica/Metallica/11-My_Friend_of_Misery,,
metallica/Metallica/12-The_Struggle_Within,,
metallica/Reload/01-Fuel,,
metallica/Reload/02-The_Memory_Remains,,
metallica/Reload/03-Devil_s_Dance,,
metallica/Reload/04-The_Unforgiven_II,,
metallica/Reload/05-Better_Then_You,,
metallica/Reload/06-Slither,,
metallica/Reload/07-Carpe_Diem_Baby,,
metallica/Reload/08-Bad_Seed,,
metallica/Reload/09-Where_The_Wild_Things_Are,,
metallica/Reload/10-Prince_Charming,,
metallica/Reload/11-Low_Man_s_Lyric,,
metallica/Reload/12-Attitude,,
metallica/Reload/13-Fixxxer,,
metallica/Ride_The_Lightning/01-Fight_Fire_With_Fire,,
metallica/Ride_The_Lightning/02-Ride_The_Lightning,,
metallica/Ride_The_Lightning/03-For_Whom_The_Bell_Tolls,,
metallica/Ride_The_Lightning/04-Fade_To_Black,,
metallica/Ride_The_Lightning/05-Trapped_Under_Ice,,
metallica/Ride_The_Lightning/06-Escape,,
metallica/Ride_The_Lightning/07-Creeping_Death,,
metallica/Ride_The_Lightning/08-The_Call_Of_Ktulu,,
prince/1999/01-1999,Prince: ,
prince/1999/02-Little_Red_Corvette,https://www.youtube.com/watch?v=FLdo53wXbEI,
prince/1999/03-Delirious,,
prince/1999/04-Let_s_Pretend_We_re_Married,,
prince/1999/05-D_M_S_R_,,
prince/1999/06-Automatic,,
prince/1999/07-Something_In_The_Water_Does_Not_Compute_,,
prince/1999/08-Free,,
prince/1999/09-Lady_Cab_Driver,,
prince/1999/10-All_The_Critics_Love_U_In_New_York,,
prince/1999/11-International_Lover,,
prince/Lovesexy/01-Eye_No,,
prince/Lovesexy/02-Alphabet_Street,,
prince/Lovesexy/03-Glam_Slam,,
prince/Lovesexy/04-Anna_Stesia,,
prince/Lovesexy/05-Dance_On,,
prince/Lovesexy/06-Lovesexy,,
prince/Lovesexy/07-When_2_R_In_Love,,
prince/Lovesexy/08-I_Wish_U_Heaven,,
prince/Lovesexy/09-Positivity,,
prince/Parade/01-Christopher_Tracy_s_Parade,,
prince/Parade/02-New_Position,,
prince/Parade/03-I_Wonder_U,,
prince/Parade/04-Under_The_Cherry_Moon,,
prince/Parade/05-Girls_Boys,,
prince/Parade/06-Life_Can_be_so_Nice,,
prince/Parade/07-Venus_de_Milo,,
prince/Parade/08-Mountains,,
prince/Parade/09-Do_u_Lie_,,
prince/Parade/10-Kiss,,
prince/Parade/11-Anotherloverholenyohead,,
prince/Parade/12-Sometimes_it_Snows_in_April,,
prince/Purple_Rain/01-Let_s_go_crazy,,
prince/Purple_Rain/02-Take_me_with_u,,
prince/Purple_Rain/03-The_beautiful_ones,,
prince/Purple_Rain/04-Computer_blue,,
prince/Purple_Rain/05-Darling_Nikki,,
prince/Purple_Rain/06-When_doves_cry,,
prince/Purple_Rain/07-I_would_die_4_u,,
prince/Purple_Rain/08-Baby_I_m_a_star,,
prince/Purple_Rain/09-Purple_Rain,,
prince/Sign_O_The_Times_Disc_1_/01-Sign_O_The_Times,,
prince/Sign_O_The_Times_Disc_1_/02-Play_In_The_Sunshine,,
prince/Sign_O_The_Times_Disc_1_/03-Housequake,,
prince/Sign_O_The_Times_Disc_1_/04-The_Ballad_Of_Dorothy_Parker,,
prince/Sign_O_The_Times_Disc_1_/05-It,,
prince/Sign_O_The_Times_Disc_1_/06-Starfish_And_Coffee,,
prince/Sign_O_The_Times_Disc_1_/07-Slow_Love,,
prince/Sign_O_The_Times_Disc_1_/08-Hot_Thing,,
prince/Sign_O_The_Times_Disc_1_/09-Forever_In_My_Life,,
prince/The_Love_Symbol_Album/01-My_Name_Is_Prince,,
prince/The_Love_Symbol_Album/02-Sexy_M_F_,,
prince/The_Love_Symbol_Album/03-Love_2_The_9_s,,
prince/The_Love_Symbol_Album/04-The_Morning_Papers,,
prince/The_Love_Symbol_Album/05-The_Max,,
prince/The_Love_Symbol_Album/06-Segue,,
prince/The_Love_Symbol_Album/07-Blue_Light,,
prince/The_Love_Symbol_Album/08-I_Wanna_Melt_With_U,,
prince/The_Love_Symbol_Album/09-Sweet_Baby,,
prince/The_Love_Symbol_Album/10-The_Continental,,
prince/The_Love_Symbol_Album/11-Damn_U,,
prince/The_Love_Symbol_Album/12-Arrogance,,
prince/The_Love_Symbol_Album/13-The_Flow,,
prince/The_Love_Symbol_Album/14-7,,
prince/The_Love_Symbol_Album/15-And_God_Created_Woman,,
prince/The_Love_Symbol_Album/16-3_Chains_O_Gold,,
prince/The_Love_Symbol_Album/17-Segue,,
prince/The_Love_Symbol_Album/18-The_Sacrifice_Of_Victor,Freddie Mercury: ,
queen/A_Night_At_the_Opera/01-Death_On_Two_Legs_Dedicated_To_,https://www.youtube.com/watch?v=3_GpGbwxuoc,
queen/A_Night_At_the_Opera/02-Lazing_On_a_Sunday_Afternoon,,
queen/A_Night_At_the_Opera/03-I_m_In_Love_With_My_Car,,
queen/A_Night_At_the_Opera/04-You_re_My_Best_Friend,,
queen/A_Night_At_the_Opera/05-_39,,
queen/A_Night_At_the_Opera/06-Sweet_Lady,,
queen/A_Night_At_the_Opera/07-Seaside_Rendezvous,,
queen/A_Night_At_the_Opera/08-The_Prophet_s_Song,,
queen/A_Night_At_the_Opera/09-Love_of_My_Life,,
queen/A_Night_At_the_Opera/10-Good_Company,,
queen/A_Night_At_the_Opera/11-Bohemian_Rhapsody,,
queen/A_Night_At_the_Opera/12-God_Save_the_Queen,,
queen/A_Night_At_the_Opera/13-I_m_In_Love_With_My_Car,,
queen/A_Night_At_the_Opera/14-You_re_My_Best_Friend,,
queen/Jazz/01-Mustapha,,
queen/Jazz/02-Fat_Bottomed_Girls,,
queen/Jazz/03-Jealousy,,
queen/Jazz/04-Bicycle_Race,,
queen/Jazz/05-If_You_Can_t_Beat_Them,,
queen/Jazz/06-Let_Me_Entertain_You,,
queen/Jazz/07-Dead_On_Time,,
queen/Jazz/08-In_Only_Seven_Days,,
queen/Jazz/09-Dreamers_Ball,,
queen/Jazz/10-Fun_It,,
queen/Jazz/11-Leaving_Home_Ain_t_Easy,,
queen/Jazz/12-Don_t_Stop_Me_Now,,
queen/Jazz/13-More_Of_That_Jazz,,
queen/Jazz/14-Fat_Bottomed_Girls_1991_Remix_,,
queen/Jazz/15-Bicycle_Race_1991_Remix_,,
queen/News_Of_The_World/01-We_Will_Rock_You,,
queen/News_Of_The_World/02-We_Are_The_Champions,,
queen/News_Of_The_World/03-Sheer_Heart_Attack,,
queen/News_Of_The_World/04-All_Dead_All_Dead,,
queen/News_Of_The_World/05-Spread_Your_Wings,,
queen/News_Of_The_World/06-Fight_From_The_Inside,,
queen/News_Of_The_World/07-Get_Down_Make_Love,,
queen/News_Of_The_World/08-Sleeping_On_The_Sidewalk,,
queen/News_Of_The_World/09-Who_Needs_You,,
queen/News_Of_The_World/10-It_s_Late,,
queen/News_Of_The_World/11-My_Melancholy_Blues,,
queen/News_Of_The_World/12-We_Will_Rock_You_1991_Bonus_Remix_ruined_by_Rick_Rubin_,,
queen/Sheer_Heart_Attack/01-Brighton_Rock,,
queen/Sheer_Heart_Attack/02-Killer_Queen,,
queen/Sheer_Heart_Attack/03-Tenement_Funster,,
queen/Sheer_Heart_Attack/04-Flick_Of_The_Wrist,,
queen/Sheer_Heart_Attack/05-Lily_Of_The_Valley,,
queen/Sheer_Heart_Attack/06-Now_I_m_Here,,
queen/Sheer_Heart_Attack/07-In_The_Lap_Of_The_Gods,,
queen/Sheer_Heart_Attack/08-Stone_Cold_Crazy,,
queen/Sheer_Heart_Attack/09-Dear_Friends,,
queen/Sheer_Heart_Attack/10-Misfire,,
queen/Sheer_Heart_Attack/11-Bring_Back_That_Leroy_Brown,,
queen/Sheer_Heart_Attack/12-She_Makes_Me_Stormtrooper_In_Stilettos_,,
queen/Sheer_Heart_Attack/13-In_The_Lap_Of_The_Gods_Revisited,,
queen/Sheer_Heart_Attack/14-Stone_Cold_Crazy_1991_Bonus_Remix_by_Michael_Wagener_,,
queen/The_Game/01-Play_The_Game,,
queen/The_Game/02-Dragon_Attack,,
queen/The_Game/03-Another_One_Bites_The_Dust,,
queen/The_Game/04-Need_Your_Loving_Tonight,,
queen/The_Game/05-Crazy_Little_Thing_Called_Love,,
queen/The_Game/06-Rock_It_Prime_Jive_,,
queen/The_Game/07-Don_t_Try_Suicide,,
queen/The_Game/08-Sail_Away_Sweet_Sister,,
queen/The_Game/09-Coming_Soon,,
queen/The_Game/10-Save_Me,,
queen/The_Game/11-Dragon_Attack_1991_Bonus_Remix_,,
queen/The_Works/01-Radio_Ga_Ga,,
queen/The_Works/02-Tear_It_Up,,
queen/The_Works/03-It_s_A_Hard_Life,,
queen/The_Works/04-Man_On_The_Prowl,,
queen/The_Works/05-Machines_Back_To_Humans_,,
queen/The_Works/06-I_Want_To_Break_Free,,
queen/The_Works/07-Keep_Passing_The_Open_Windows,,
queen/The_Works/08-Hammer_To_Fall,,
queen/The_Works/09-Is_This_The_World_We_Created_,,
queen/The_Works/10-I_Go_Crazy,,
queen/The_Works/11-Radio_Ga_Ga_Extended_Version_,,
queen/The_Works/12-I_Want_To_Break_Free_Extended_Mix_,,
radiohead/Amnesiac/01-Packt_Like_Sardines_In_A_Crush,Thom Yorke: ,
radiohead/Amnesiac/02-Pyramid_Song,https://www.youtube.com/watch?v=-Vo2vDsFdfw,
radiohead/Amnesiac/03-Pilk_Pull_Revolving_Doors,,
radiohead/Amnesiac/04-You_and_Whose_Army,,
radiohead/Amnesiac/05-I_Might_Be_Wrong,,
radiohead/Amnesiac/06-Knives_Out,,
radiohead/Amnesiac/07-Morning_Bell_Amnesiac,,
radiohead/Amnesiac/08-Dollars_and_Cents,,
radiohead/Amnesiac/09-Hunting_Bears,,
radiohead/Amnesiac/10-Like_Spinning_Plates,,
radiohead/Amnesiac/11-Life_In_A_Glasshouse,,
radiohead/Hail_to_the_Theif/01-2_2_5_The_Lukewarm_,,
radiohead/Hail_to_the_Theif/02-Sit_Down_Stand_Up,,
radiohead/Hail_to_the_Theif/03-Sail_to_the_Moon,,
radiohead/Hail_to_the_Theif/04-Backdrifts,,
radiohead/Hail_to_the_Theif/05-Go_to_Sleep,,
radiohead/Hail_to_the_Theif/06-Where_I_End_and_You_Begin,,
radiohead/Hail_to_the_Theif/07-We_Suck_Young_Blood,,
radiohead/Hail_to_the_Theif/08-The_Gloaming,,
radiohead/Hail_to_the_Theif/09-There_There,,
radiohead/Hail_to_the_Theif/10-I_Will,,
radiohead/Hail_to_the_Theif/11-A_Punchup_at_a_Wedding,,
radiohead/Hail_to_the_Theif/12-Myxomatosis,,
radiohead/Hail_to_the_Theif/13-Scatterbrain,,
radiohead/Hail_to_the_Theif/14-A_Wolf_at_the_Door,,
radiohead/Kid_A/01-Everything_In_Its_Right_Place,,
radiohead/Kid_A/02-Kid_A,,
radiohead/Kid_A/03-The_National_Anthem,,
radiohead/Kid_A/04-How_To_Disappear_Completely,,
radiohead/Kid_A/05-Treefingers,,
radiohead/Kid_A/06-Optimistic,,
radiohead/Kid_A/07-In_Limbo,,
radiohead/Kid_A/08-Idioteque,,
radiohead/Kid_A/09-Morning_Bell,,
radiohead/Kid_A/10-Motion_Picture_Soundtrack_trimmed_,,
radiohead/Kid_A/11-Genchildren_hidden_,,
radiohead/OK_Computer/01-Airbag,,
radiohead/OK_Computer/02-Paranoid_Android,,
radiohead/OK_Computer/03-Subterranean_Homesick_Alien,,
radiohead/OK_Computer/04-Exit_Music_for_a_film_,,
radiohead/OK_Computer/05-Let_Down,,
radiohead/OK_Computer/06-Karma_Police,,
radiohead/OK_Computer/07-Fitter_Happier,,
radiohead/OK_Computer/08-Electioneering,,
radiohead/OK_Computer/09-Climbing_Up_The_Walls,,
radiohead/OK_Computer/10-No_Surprises,,
radiohead/OK_Computer/11-Lucky,,
radiohead/OK_Computer/12-The_Tourist,,
radiohead/Pablo_Honey/01-You,,
radiohead/Pablo_Honey/02-Creep,,
radiohead/Pablo_Honey/03-How_Do_You_,,
radiohead/Pablo_Honey/04-Stop_Whispering,,
radiohead/Pablo_Honey/05-Thinking_About_You,,
radiohead/Pablo_Honey/06-Anyone_Can_Play_Guitar,,
radiohead/Pablo_Honey/07-Ripcord,,
radiohead/Pablo_Honey/08-Vegetable,,
radiohead/Pablo_Honey/09-Prove_Yourself,,
radiohead/Pablo_Honey/10-I_Can_t,,
radiohead/Pablo_Honey/11-Lurgee,,
radiohead/Pablo_Honey/12-Blow_Out,,
radiohead/Pablo_Honey/13-Creep_Radio_Edit_,,
radiohead/The_Bends/01-Planet_Telex,,
radiohead/The_Bends/02-The_Bends,,
radiohead/The_Bends/03-High_And_Dry,,
radiohead/The_Bends/04-Fake_Plastic_Trees,,
radiohead/The_Bends/05-Bones,,
radiohead/The_Bends/06-_Nice_Dream_,,
radiohead/The_Bends/07-Just,,
radiohead/The_Bends/08-My_Iron_Lung,,
radiohead/The_Bends/09-Bullet_Proof_I_Wish_I_Was,,
radiohead/The_Bends/10-Black_Star,,
radiohead/The_Bends/11-Sulk,,
radiohead/The_Bends/12-Street_Spirit_Fade_Out_,,
roxette/Crash_Boom_Bang_/01-Harleys_Indians_Riders_In_The_Sky_,Marie Fredriksson,
roxette/Crash_Boom_Bang_/02-Crash_Boom_Bang_,https://www.youtube.com/watch?v=0xoPoN-Etgg,
roxette/Crash_Boom_Bang_/03-Fireworks,,
roxette/Crash_Boom_Bang_/04-Run_To_You,,
roxette/Crash_Boom_Bang_/05-Sleeping_In_My_Car,,
roxette/Crash_Boom_Bang_/06-Vulnerable,,
roxette/Crash_Boom_Bang_/07-The_First_Girl_On_The_Moon,,
roxette/Crash_Boom_Bang_/08-Place_Your_Love,,
roxette/Crash_Boom_Bang_/09-I_Love_The_Sound_Of_Crashing_Guitars,,
roxette/Crash_Boom_Bang_/10-What_s_She_Like_,,
roxette/Crash_Boom_Bang_/11-Do_You_Wanna_Go_The_Whole_Way_,,
roxette/Crash_Boom_Bang_/12-Lies,,
roxette/Crash_Boom_Bang_/13-I_m_Sorry,,
roxette/Crash_Boom_Bang_/14-Love_Is_All_Shine_Your_Light_On_Me_,,
roxette/Crash_Boom_Bang_/15-Go_To_Sleep,,
roxette/Have_a_Nice_Day/01-Crush_On_You,,
roxette/Have_a_Nice_Day/02-Wish_I_Could_Fly,,
roxette/Have_a_Nice_Day/03-You_Can_t_Put_Your_Arms_Around_What_s_Already_Gone,,
roxette/Have_a_Nice_Day/04-Waiting_For_The_Rain,,
roxette/Have_a_Nice_Day/05-Anyone,,
roxette/Have_a_Nice_Day/06-It_Will_Take_A_Long_Long_Time,,
roxette/Have_a_Nice_Day/07-7_Twenty_7,,
roxette/Have_a_Nice_Day/08-I_Was_So_Lucky,,
roxette/Have_a_Nice_Day/09-Stars,,
roxette/Have_a_Nice_Day/10-Salvation,,
roxette/Have_a_Nice_Day/11-Pay_The_Price,,
roxette/Have_a_Nice_Day/12-Cooper,,
roxette/Have_a_Nice_Day/13-Staring_At_The_Ground,,
roxette/Have_a_Nice_Day/14-Beautiful_Things,,
roxette/Joyride/01-joyride,,
roxette/Joyride/02-hotblooded,,
roxette/Joyride/03-fading_like_a_flower_everytime_you_leave_,,
roxette/Joyride/04-knockin_on_every_door,,
roxette/Joyride/05-spending_my_time,,
roxette/Joyride/06-soul_deep,,
roxette/Joyride/07-watercolours_in_the_rain,,
roxette/Joyride/08-the_big_L_,,
roxette/Joyride/09-_do_you_get_excited,,
roxette/Joyride/10-church_of_your_heart,,
roxette/Joyride/11-small_talk,,
roxette/Joyride/12-phsycial_fascination,,
roxette/Joyride/13-things_will_never_be_the_same,,
roxette/Joyride/14-perfect_day,,
roxette/Look_Sharp_/01-The_Look,,
roxette/Look_Sharp_/02-Dressed_For_Success,,
roxette/Look_Sharp_/03-Sleeping_Single,,
roxette/Look_Sharp_/04-Paint,,
roxette/Look_Sharp_/05-Dance_Away,,
roxette/Look_Sharp_/06-Cry,,
roxette/Look_Sharp_/07-Chances,,
roxette/Look_Sharp_/08-Dangerous,,
roxette/Look_Sharp_/09-Half_A_Woman_Half_A_Shadow,,
roxette/Look_Sharp_/10-View_From_A_Hill,,
roxette/Look_Sharp_/11-I_Could_Never_Give_You_Up,,
roxette/Look_Sharp_/12-Shadow_Of_A_Doubt,,
roxette/Look_Sharp_/13-Listen_To_Your_Heart,,
roxette/Pearls_of_Passion_1997_Remaster_/01-Soul_Deep,,
roxette/Pearls_of_Passion_1997_Remaster_/02-Secrets_That_She_Keeps,,
roxette/Pearls_of_Passion_1997_Remaster_/03-Goodbye_To_You,,
roxette/Pearls_of_Passion_1997_Remaster_/04-I_Call_Your_Name,,
roxette/Pearls_of_Passion_1997_Remaster_/05-Surrender,,
roxette/Pearls_of_Passion_1997_Remaster_/06-Voices,,
roxette/Pearls_of_Passion_1997_Remaster_/07-Neverending_Love,,
roxette/Pearls_of_Passion_1997_Remaster_/08-Call_Of_The_Wild,,
roxette/Pearls_of_Passion_1997_Remaster_/09-Joy_Of_A_Toy,,
roxette/Pearls_of_Passion_1997_Remaster_/10-From_One_Heart_To_Another,,
roxette/Pearls_of_Passion_1997_Remaster_/11-Like_Lovers_Do,,
roxette/Pearls_of_Passion_1997_Remaster_/12-So_Far_Away,,
roxette/Pearls_of_Passion_1997_Remaster_/13-Pearls_Of_Passion,,
roxette/Pearls_of_Passion_1997_Remaster_/14-It_Must_Have_Been_Love_Christmas_For_The_Broken-Hearted_,,
roxette/Pearls_of_Passion_1997_Remaster_/15-Turn_To_Me,,
roxette/Pearls_of_Passion_1997_Remaster_/16-Neverending_Love_Tits_Ass_Demo_1986_,,
roxette/Pearls_of_Passion_1997_Remaster_/17-Secrets_That_She_Keeps_Tits_Ass_Demo_1986_,,
roxette/Pearls_of_Passion_1997_Remaster_/18-I_Call_Your_Name_Montezuma_Demo_26_07_86_,,
roxette/Pearls_of_Passion_1997_Remaster_/19-Neverending_Love_Frank_Mono-Mix_1987_,,
roxette/Pearls_of_Passion_1997_Remaster_/20-I_Call_Your_Name_Frank_Mono-Mix_1987_,,
roxette/Room_Service/01-Real_Sugar,,
roxette/Room_Service/02-The_Centre_Of_The_Heart,,
roxette/Room_Service/03-Milk_And_Tost_And_Honey,,
roxette/Room_Service/04-Jefferson,,
roxette/Room_Service/05-Little_Girl,,
roxette/Room_Service/06-Looking_For_Jane,,
roxette/Room_Service/07-Bringing_Me_Down_To_My_Knees,,
roxette/Room_Service/08-Make_My_Head_Go_Pop,,
roxette/Room_Service/09-Try_Just_A_Little_Bit_Harder_,,
roxette/Room_Service/10-Fool,,
roxette/Room_Service/11-It_Takes_You_No_Time_To_Get_Here,,
roxette/Room_Service/12-My_World_My_Love_My_Life,,
steely_dan/Aja/01-Black_Cow,,
steely_dan/Aja/02-Aja,,
steely_dan/Aja/03-Deacon_Blues,,
steely_dan/Aja/04-Peg,,
steely_dan/Aja/05-Home_At_Last,,
steely_dan/Aja/06-I_Got_The_News,,
steely_dan/Aja/07-Josie,,
steely_dan/Countdown_To_Ecstasy/01-Bodhisattva,,
steely_dan/Countdown_To_Ecstasy/02-Razor_Boy,,
steely_dan/Countdown_To_Ecstasy/03-The_Boston_Rag,,
steely_dan/Countdown_To_Ecstasy/04-Your_Gold_Teeth,,
steely_dan/Countdown_To_Ecstasy/05-Show_Biz_Kids,,
steely_dan/Countdown_To_Ecstasy/06-My_Old_School,,
steely_dan/Countdown_To_Ecstasy/07-Pearl_Of_The_Quarter,,
steely_dan/Countdown_To_Ecstasy/08-King_Of_The_World,,
steely_dan/Gaucho/01-Babylon_Sisters,,
steely_dan/Gaucho/02-Hey_Nineteen,,
steely_dan/Gaucho/03-Glamour_Profession,,
steely_dan/Gaucho/04-Gaucho,,
steely_dan/Gaucho/05-Time_Out_of_Mind,,
steely_dan/Gaucho/06-My_Rival,,
steely_dan/Gaucho/07-Third_World_Man,,
steely_dan/Katy_Lied/01-Black_Friday,,
steely_dan/Katy_Lied/02-Bad_Sneakers,,
steely_dan/Katy_Lied/03-Rose_Darling,,
steely_dan/Katy_Lied/04-Daddy_Don_t_Live_In_That_New_York_City_No_More,,
steely_dan/Katy_Lied/05-Doctor_Wu,,
steely_dan/Katy_Lied/06-Everyone_s_Gone_To_The_Movies,,
steely_dan/Katy_Lied/07-Your_Gold_Teeth_II,,
steely_dan/Katy_Lied/08-Chain_Lightning,,
steely_dan/Katy_Lied/09-Any_World,,
steely_dan/Katy_Lied/10-Throw_Back_The_Little_Ones,,
steely_dan/Pretzel_Logic/01-Rikki_Don_t_Lose_That_Number,,
steely_dan/Pretzel_Logic/02-Night_by_Night,,
steely_dan/Pretzel_Logic/03-Any_Major_Dude_Will_Tell_You,,
steely_dan/Pretzel_Logic/04-Barrytown,,
steely_dan/Pretzel_Logic/05-East_St_Louis_Toodle-Oo,,
steely_dan/Pretzel_Logic/06-Parker_s_Band,,
steely_dan/Pretzel_Logic/07-Through_With_Buzz,,
steely_dan/Pretzel_Logic/08-Pretzel_Logic,,
steely_dan/Pretzel_Logic/09-With_a_Gun,,
steely_dan/Pretzel_Logic/10-Charlie_Freak,,
steely_dan/Pretzel_Logic/11-Monkey_in_Your_Soul,,
steely_dan/The_Royal_Scam/01-Kid_Charlemagne,,
steely_dan/The_Royal_Scam/02-The_Caves_of_Altamira,,
steely_dan/The_Royal_Scam/03-Don_t_Take_Me_Alive,,
steely_dan/The_Royal_Scam/04-Sign_in_Stranger,,
steely_dan/The_Royal_Scam/05-The_Fez,,
steely_dan/The_Royal_Scam/06-Green_Earrings,,
steely_dan/The_Royal_Scam/07-Haitian_Divorce,,
steely_dan/The_Royal_Scam/08-Everything_You_Did,,
steely_dan/The_Royal_Scam/09-The_Royal_Scam,,
suzanne_vega/99_9_F_/01-Rock_In_This_Pocket_Song_Of_David_,Suzanne Vega:,
suzanne_vega/99_9_F_/02-Blood_Makes_Noise,https://www.youtube.com/watch?v=5BfB3YRzMwo,
suzanne_vega/99_9_F_/03-In_Liverpool,,
suzanne_vega/99_9_F_/04-99_9_F_,,
suzanne_vega/99_9_F_/05-Blood_Sings,,
suzanne_vega/99_9_F_/06-Fat_Man_Dancing_Girl,,
suzanne_vega/99_9_F_/07-_If_You_Were_In_My_Movie,,
suzanne_vega/99_9_F_/08-As_A_Child,,
suzanne_vega/99_9_F_/09-Bad_Wisdom,,
suzanne_vega/99_9_F_/10-When_Heroes_Go_Down,,
suzanne_vega/99_9_F_/11-As_Girls_Go,,
suzanne_vega/99_9_F_/12-Song_Of_Sand,,
suzanne_vega/Days_of_Open_Hand/01-Tired_Of_Sleeping,,
suzanne_vega/Days_of_Open_Hand/02-Men_in_a_War,,
suzanne_vega/Days_of_Open_Hand/03-Rusted_Pipe,,
suzanne_vega/Days_of_Open_Hand/04-Book_Of_Dreams,,
suzanne_vega/Days_of_Open_Hand/05-Institution_Green,,
suzanne_vega/Days_of_Open_Hand/06-Those_Whole_Girls_Run_In_Grace_,,
suzanne_vega/Days_of_Open_Hand/07-Room_Off_The_Street,,
suzanne_vega/Days_of_Open_Hand/08-Big_Space,,
suzanne_vega/Days_of_Open_Hand/09-Predictions,,
suzanne_vega/Days_of_Open_Hand/10-Fifty-Fifty_Chance,,
suzanne_vega/Days_of_Open_Hand/11-Pilgrimage,,
suzanne_vega/Nine_Objects_Of_Desire/01-Birth-day_Love_Made_Real_,,
suzanne_vega/Nine_Objects_Of_Desire/02-Head_Shots,,
suzanne_vega/Nine_Objects_Of_Desire/03-Caramel,,
suzanne_vega/Nine_Objects_Of_Desire/04-Stockings,,
suzanne_vega/Nine_Objects_Of_Desire/05-Casual_Match,,
suzanne_vega/Nine_Objects_Of_Desire/06-Thin_Man,,
suzanne_vega/Nine_Objects_Of_Desire/07-No_Cheap_Thrill,,
suzanne_vega/Nine_Objects_Of_Desire/08-World_Before_Columbus,,
suzanne_vega/Nine_Objects_Of_Desire/09-Lolita,,
suzanne_vega/Nine_Objects_Of_Desire/10-Honeymoon_Suite,,
suzanne_vega/Nine_Objects_Of_Desire/11-Tombstone,,
suzanne_vega/Nine_Objects_Of_Desire/12-My_Favorite_Plum,,
suzanne_vega/Solitude_Standing/01-Tom_s_Diner,,
suzanne_vega/Solitude_Standing/02-Luka,,
suzanne_vega/Solitude_Standing/03-Ironbound-Fancy_Poultry,,
suzanne_vega/Solitude_Standing/04-In_The_Eye,,
suzanne_vega/Solitude_Standing/05-Night_Vision,,
suzanne_vega/Solitude_Standing/06-Solitude_Standing,,
suzanne_vega/Solitude_Standing/07-Calypso,,
suzanne_vega/Solitude_Standing/08-Language,,
suzanne_vega/Solitude_Standing/09-Gypsy,,
suzanne_vega/Solitude_Standing/10-Wooden_Horse,,
suzanne_vega/Solitude_Standing/11-Tom_s_Diner_Reprise,,
suzanne_vega/Songs_in_Red_and_Gray/01-Penitent,,
suzanne_vega/Songs_in_Red_and_Gray/02-Widow_s_Walk,,
suzanne_vega/Songs_in_Red_and_Gray/03-_I_ll_Never_Be_Your_Maggie_May,,
suzanne_vega/Songs_in_Red_and_Gray/04-It_Makes_Me_Wonder,,
suzanne_vega/Songs_in_Red_and_Gray/05-Soap_and_Water,,
suzanne_vega/Songs_in_Red_and_Gray/06-Songs_in_Red_and_Gray,,
suzanne_vega/Songs_in_Red_and_Gray/07-Last_Years_Troubles,,
suzanne_vega/Songs_in_Red_and_Gray/08-Priscilla,,
suzanne_vega/Songs_in_Red_and_Gray/09-If_I_Were_a_Weapon,,
suzanne_vega/Songs_in_Red_and_Gray/10-Harbor_Song,,
suzanne_vega/Songs_in_Red_and_Gray/11-Machine_Ballerina,,
suzanne_vega/Songs_in_Red_and_Gray/12-Solitaire,,
suzanne_vega/Songs_in_Red_and_Gray/13-St_Clare,,
suzanne_vega/Suzanne_Vega/01-Cracking,,
suzanne_vega/Suzanne_Vega/02-Freeze_Tag,,
suzanne_vega/Suzanne_Vega/03-Marlene_On_The_Wall,,
suzanne_vega/Suzanne_Vega/04-Small_Blue_Thing,,
suzanne_vega/Suzanne_Vega/05-Straight_Lines,,
suzanne_vega/Suzanne_Vega/06-Undertow,,
suzanne_vega/Suzanne_Vega/07-Some_Journey,,
suzanne_vega/Suzanne_Vega/08-The_Queen_And_The_Soldier,,
suzanne_vega/Suzanne_Vega/09-Knight_Moves,,
suzanne_vega/Suzanne_Vega/10-Neighborhood_Girls,,
tori_amos/From_the_Choirgirl_Hotel/01-Spark,Tori Amos:,
tori_amos/From_the_Choirgirl_Hotel/02-Cruel,https://www.youtube.com/watch?v=dcGKHNDRHkw,
tori_amos/From_the_Choirgirl_Hotel/03-Black-Dove_January_,,
tori_amos/From_the_Choirgirl_Hotel/04-Rasberry_Swirl,,
tori_amos/From_the_Choirgirl_Hotel/05-Jackie_s_Strength,,
tori_amos/From_the_Choirgirl_Hotel/06-i_i_e_e_e,,
tori_amos/From_the_Choirgirl_Hotel/07-Liquid_Diamonds,,
tori_amos/From_the_Choirgirl_Hotel/08-She_s_Your_Cocaine,,
tori_amos/From_the_Choirgirl_Hotel/09-Northern_Lad,,
tori_amos/From_the_Choirgirl_Hotel/10-Hotel,,
tori_amos/From_the_Choirgirl_Hotel/11-Playboy_Mommy,,
tori_amos/From_the_Choirgirl_Hotel/12-Pandora_s_Aquarium,,
tori_amos/Little_Earthquakes/01-Crucify,,
tori_amos/Little_Earthquakes/02-Girl,,
tori_amos/Little_Earthquakes/03-Silent_All_These_Years,,
tori_amos/Little_Earthquakes/04-Precious_Things,,
tori_amos/Little_Earthquakes/05-Winter,,
tori_amos/Little_Earthquakes/06-Happy_Phantom,,
tori_amos/Little_Earthquakes/07-China,,
tori_amos/Little_Earthquakes/08-Leather,,
tori_amos/Little_Earthquakes/09-Mother,,
tori_amos/Little_Earthquakes/10-Tear_In_Your_Hand,,
tori_amos/Little_Earthquakes/11-Me_And_A_Gun,,
tori_amos/Little_Earthquakes/12-Little_Earthquakes,,
tori_amos/Scarlet_s_Walk/01-Amber_Waves,,
tori_amos/Scarlet_s_Walk/02-A_Sorta_Fairytale,,
tori_amos/Scarlet_s_Walk/03-Wednesday,,
tori_amos/Scarlet_s_Walk/04-Strange,,
tori_amos/Scarlet_s_Walk/05-Carbon,,
tori_amos/Scarlet_s_Walk/06-Crazy,,
tori_amos/Scarlet_s_Walk/07-Wampum_Prayer,,
tori_amos/Scarlet_s_Walk/08-Don_t_Make_Me_Come_To_Vegas,,
tori_amos/Scarlet_s_Walk/09-Sweet_Sangria,,
tori_amos/Scarlet_s_Walk/10-Your_Cloud,,
tori_amos/Scarlet_s_Walk/11-Pancake,,
tori_amos/Scarlet_s_Walk/12-I_Can_t_See_New_York,,
tori_amos/Scarlet_s_Walk/13-Mrs_Jesus,,
tori_amos/Scarlet_s_Walk/14-Taxi_Ride,,
tori_amos/Scarlet_s_Walk/15-Another_Girl_s_Paradise,,
tori_amos/Scarlet_s_Walk/16-Scarlet_s_Walk,,
tori_amos/Scarlet_s_Walk/17-Virginia,,
tori_amos/Scarlet_s_Walk/18-Gold_Dust,,
tori_amos/The_Beekeeper/01-Parasol,,
tori_amos/The_Beekeeper/02-Sweet_the_Sting,,
tori_amos/The_Beekeeper/03-The_Power_of_Orange_Knickers,,
tori_amos/The_Beekeeper/04-Jamaica_Inn,,
tori_amos/The_Beekeeper/05-Barons_of_Suburbia,,
tori_amos/The_Beekeeper/06-Sleeps_With_Butterflies,,
tori_amos/The_Beekeeper/07-General_Joy,,
tori_amos/The_Beekeeper/08-Mother_Revolution,,
tori_amos/The_Beekeeper/09-Ribbons_Undone,,
tori_amos/The_Beekeeper/10-Cars_and_Guitars,,
tori_amos/The_Beekeeper/11-Witness,,
tori_amos/The_Beekeeper/12-Original_Sinsuality,,
tori_amos/The_Beekeeper/13-Ireland,,
tori_amos/The_Beekeeper/14-The_Beekeeper,,
tori_amos/The_Beekeeper/15-Martha_s_Foolish_Ginger,,
tori_amos/The_Beekeeper/16-Hoochie_Woman,,
tori_amos/The_Beekeeper/17-Goodbye_Pisces,,
tori_amos/The_Beekeeper/18-Marys_of_the_Sea,,
tori_amos/The_Beekeeper/19-Toast,,
tori_amos/To_Venus_and_Back-Orbiting/01-Bliss,,
tori_amos/To_Venus_and_Back-Orbiting/02-Juarez,,
tori_amos/To_Venus_and_Back-Orbiting/03-Concertina,,
tori_amos/To_Venus_and_Back-Orbiting/04-Glory_Of_The_80_s,,
tori_amos/To_Venus_and_Back-Orbiting/05-Lust,,
tori_amos/To_Venus_and_Back-Orbiting/06-Suede,,
tori_amos/To_Venus_and_Back-Orbiting/07-Josephine,,
tori_amos/To_Venus_and_Back-Orbiting/08-Riot_Poof,,
tori_amos/To_Venus_and_Back-Orbiting/09-Datura,,
tori_amos/To_Venus_and_Back-Orbiting/10-Spring_Haze,,
tori_amos/To_Venus_and_Back-Orbiting/11-1000_Oceans,,
tori_amos/Under_the_Pink/01-Pretty_Good_Year,,
tori_amos/Under_the_Pink/02-God,,
tori_amos/Under_the_Pink/03-Bells_For_Her,,
tori_amos/Under_the_Pink/04-Past_The_Mission,,
tori_amos/Under_the_Pink/05-Baker_Baker,,
tori_amos/Under_the_Pink/06-The_Wrong_Band,,
tori_amos/Under_the_Pink/07-The_Waitress,,
tori_amos/Under_the_Pink/08-Cornflake_Girl,,
tori_amos/Under_the_Pink/09-Icicle,,
tori_amos/Under_the_Pink/10-Cloud_On_My_Tongue,,
tori_amos/Under_the_Pink/11-Space_Dog,,
tori_amos/Under_the_Pink/12-Yes_Anastasia,Bono:,
u2/Achtung_Baby/01-Zoo_Station,https://www.youtube.com/watch?v=7QdxDJxJuAc,
u2/Achtung_Baby/02-Even_Better_Than_The_Real_Thing,,
u2/Achtung_Baby/03-One,,
u2/Achtung_Baby/04-Until_The_End_Of_The_World,,
u2/Achtung_Baby/05-Who_s_Gonna_Ride_Your_Wild_Horses,,
u2/Achtung_Baby/06-So_Cruel,,
u2/Achtung_Baby/07-The_Fly,,
u2/Achtung_Baby/08-Mysterious_Ways,,
u2/Achtung_Baby/09-Tryin_To_Throw_Your_Arms_Around_The_World,,
u2/Achtung_Baby/10-Ultra_Violet_Light_My_Way_,,
u2/Achtung_Baby/11-Acrobat,,
u2/Achtung_Baby/12-Love_Is_Blindness,,
u2/October/01-Gloria,,
u2/October/02-I_Fall_Down,,
u2/October/03-I_Threw_a_Brick_Through_a_Window,,
u2/October/04-Rejoice,,
u2/October/05-Fire,,
u2/October/06-Tomorrow,,
u2/October/07-October,,
u2/October/08-With_a_Shout,,
u2/October/09-Stranger_in_a_Strange_Land,,
u2/October/10-Scarlet,,
u2/October/11-Is_That_All_,,
u2/The_Joshua_Tree/01-Where_the_Streets_Have_No_Name,,
u2/The_Joshua_Tree/02-I_Still_Haven_t_Found_What_I_m_Looking_For,,
u2/The_Joshua_Tree/03-With_or_Without_You,,
u2/The_Joshua_Tree/04-Bullet_the_Blue_Sky,,
u2/The_Joshua_Tree/05-Running_to_Stand_Still,,
u2/The_Joshua_Tree/06-Red_Hill_Mining_Town,,
u2/The_Joshua_Tree/07-In_God_s_Country,,
u2/The_Joshua_Tree/08-Trip_Through_Your_Wires,,
u2/The_Joshua_Tree/09-One_Tree_Hill,,
u2/The_Joshua_Tree/10-Exit,,
u2/The_Joshua_Tree/11-Mothers_of_the_Disappeared,,
u2/The_Unforgettable_Fire/01-A_Sort_of_Homecoming,,
u2/The_Unforgettable_Fire/02-Pride_In_The_Name_of_Love_,,
u2/The_Unforgettable_Fire/03-Wire,,
u2/The_Unforgettable_Fire/04-The_Unforgettable_Fire,,
u2/The_Unforgettable_Fire/05-Promenade,,
u2/The_Unforgettable_Fire/06-4th_of_July,,
u2/The_Unforgettable_Fire/07-Bad,,
u2/The_Unforgettable_Fire/08-Indian_Summer_Sky,,
u2/The_Unforgettable_Fire/09-Elvis_Presley_and_America,,
u2/The_Unforgettable_Fire/10-MLK,,
u2/War/01-Sunday_Bloody_Sunday,,
u2/War/02-Seconds,,
u2/War/03-New_Year_s_Day,,
u2/War/04-Like_A_Song_,,
u2/War/05-Drowning_Man,,
u2/War/06-The_Refugee,,
u2/War/07-Two_Hearts_Beat_As_One,,
u2/War/08-Red_Light,,
u2/War/09-Surrender,,
u2/War/10-_40_,,
u2/Zooropa/01-Zooropa,,
u2/Zooropa/02-Babyface,,
u2/Zooropa/03-Numb,,
u2/Zooropa/04-Lemon,,
u2/Zooropa/05-Stay_Faraway_So_Close_,,
u2/Zooropa/06-Daddy_s_Gonna_Pay_For_Your_Crashed_Car,,
u2/Zooropa/07-Some_Days_Are_Better_Than_Others,,
u2/Zooropa/08-The_First_Time,,
u2/Zooropa/09-Dirty_Day,,
u2/Zooropa/10-The_Wanderer,,